Wine,Logistic Regression,Random Forest Learner,SVM Learner,kNN (1),Naive Bayes,CN2 Rule Induction,Tree,Logistic Regression (1),Logistic Regression (2),Logistic Regression (3),Random Forest Learner (1),Random Forest Learner (2),Random Forest Learner (3),SVM Learner (1),SVM Learner (2),SVM Learner (3),kNN (1) (1),kNN (1) (2),kNN (1) (3),Naive Bayes (1),Naive Bayes (2),Naive Bayes (3),CN2 Rule Induction (1),CN2 Rule Induction (2),CN2 Rule Induction (3),Tree (1),Tree (2),Tree (3),Fold,Alcohol,Malic Acid,Ash,Alcalinity of ash,Magnesium,Total phenols,Flavanoids,Nonflavanoid phenols,Proanthocyanins,Color intensity,Hue,OD280/OD315 of diluted wines,Proline
1 2 3,1 2 3,1 2 3,1 2 3,1 2 3,1 2 3,1 2 3,1 2 3,continuous,continuous,continuous,continuous,continuous,continuous,continuous,continuous,continuous,continuous,continuous,continuous,continuous,continuous,continuous,continuous,continuous,continuous,continuous,continuous,continuous,1 2 3 4 5 6 7 8 9 10,continuous,continuous,continuous,continuous,continuous,continuous,continuous,continuous,continuous,continuous,continuous,continuous,continuous
class,meta,meta,meta,meta,meta,meta,meta,meta,meta,meta,meta,meta,meta,meta,meta,meta,meta,meta,meta,meta,meta,meta,meta,meta,meta,meta,meta,meta,meta,,,,,,,,,,,,,
1,1,1,1,1,1,1,1,0.99978,2.95887e-05,0.000190113,1,0,0,0.997256,0.00123915,0.00150445,1,0,0,1,4.18465e-08,1.55665e-12,0.954545,0.0227273,0.0227273,1,0,0,1,14.23,1.71,2.43,15.6,127,2.80,3.06,0.28,2.29,5.64,1.040,3.92,1065
1,1,1,1,1,1,1,1,0.999647,0.000273868,7.90352e-05,1,0,0,0.986347,0.0104295,0.00322325,1,0,0,0.999654,0.000345887,4.57147e-10,0.954545,0.0227273,0.0227273,1,0,0,1,13.20,1.78,2.14,11.2,100,2.65,2.76,0.26,1.28,4.38,1.050,3.40,1050
1,1,1,1,1,1,1,1,0.999818,7.58706e-06,0.00017472,0.7,0.195,0.105,0.954941,0.0203781,0.0246813,1,0,0,0.996833,0.00316699,6.13253e-08,0.954545,0.0227273,0.0227273,1,0,0,1,14.12,1.48,2.32,16.8,95,2.20,2.43,0.26,1.57,5,1.170,2.82,1280
1,1,1,1,1,1,1,1,0.998288,3.01702e-05,0.0016816,0.9,0,0.1,0.966971,0.0152106,0.0178182,1,0,0,0.999912,8.59488e-05,2.01101e-06,0.954545,0.0227273,0.0227273,1,0,0,1,13.83,1.57,2.62,20.0,115,2.95,3.40,0.40,1.72,6.6,1.130,2.57,1130
1,1,1,1,1,1,3,1,0.987366,0.00898674,0.00364714,1,0,0,0.956035,0.0408861,0.00307878,0.8,0,0.2,0.999916,8.35124e-05,7.1881e-08,0.0333333,0.0333333,0.933333,1,0,0,1,13.56,1.71,2.31,16.2,117,3.15,3.29,0.34,2.34,6.13,0.950,3.38,795
1,1,1,1,1,1,1,1,0.99997,1.27753e-05,1.75138e-05,1,0,0,0.998676,0.000475985,0.000847975,1,0,0,0.999999,9.00037e-07,2.09018e-09,0.954545,0.0227273,0.0227273,1,0,0,1,13.88,1.89,2.59,15.0,101,3.25,3.56,0.17,1.70,5.43,0.880,3.56,1095
2,2,2,2,2,2,2,2,0.000325793,0.998395,0.00127941,0.1,0.775,0.125,0.00209175,0.995042,0.00286654,0,1,0,1.07605e-06,0.999996,3.1239e-06,0.037037,0.925926,0.037037,0.0204082,0.979592,0,1,13.03,0.90,1.71,16.0,86,1.95,2.03,0.24,1.46,4.6,1.190,2.48,392
2,2,2,2,2,2,2,2,0.00120049,0.998399,0.000400867,0.2,0.8,0,0.0256219,0.973205,0.0011727,0,0.8,0.2,0.000267064,0.99973,2.53601e-06,0.037037,0.925926,0.037037,0.0204082,0.979592,0,1,12.70,3.87,2.40,23.0,101,2.83,2.55,0.43,1.95,2.57,1.190,3.13,463
2,2,2,2,2,2,2,2,6.83217e-05,0.999713,0.000218517,0,1,0,0.00216421,0.989856,0.0079793,0,0.8,0.2,1.01492e-09,0.999997,3.21734e-06,0.0625,0.875,0.0625,0,1,0,1,12.08,1.83,2.32,18.5,81,1.60,1.50,0.52,1.64,2.4,1.080,2.27,480
2,2,2,2,2,2,3,2,0.00012627,0.998467,0.00140718,0,0.8,0.2,0.0020594,0.966374,0.0315664,0,1,0,1.17315e-10,0.999723,0.000277252,0.25,0.25,0.5,0,1,0,1,12.69,1.53,2.26,20.7,80,1.38,1.46,0.58,1.62,3.05,0.960,2.06,495
2,2,2,2,3,2,2,2,0.000457314,0.99945,9.31392e-05,0,1,0,0.00357103,0.994961,0.00146789,0,0.4,0.6,9.15139e-10,0.999993,6.7701e-06,0.111111,0.777778,0.111111,0.0204082,0.979592,0,1,12.00,3.43,2.00,19.0,87,2.00,1.64,0.37,1.87,1.28,0.930,3.05,564
2,2,2,2,3,2,1,2,0.00599412,0.993762,0.000244358,0.025,0.95,0.025,0.0564879,0.942536,0.000975881,0,0.2,0.8,0.0587866,0.941041,0.000172632,0.818182,0.0909091,0.0909091,0.0204082,0.979592,0,1,11.45,2.40,2.42,20.0,96,2.90,2.79,0.32,1.83,3.25,0.800,3.39,625
2,2,2,1,2,2,3,2,0.00461164,0.994602,0.00078618,0.2,0.7,0.1,0.461784,0.536939,0.00127773,0,0.8,0.2,0.0570845,0.941518,0.00139705,0.0333333,0.0333333,0.933333,0.0204082,0.979592,0,1,11.56,2.05,3.23,28.5,119,3.18,5.08,0.47,1.87,6,0.930,3.69,465
3,3,3,3,2,3,3,3,0.00104859,0.00993885,0.989013,0,0.3,0.7,0.000915071,0.00518952,0.993895,0,1,0,3.71662e-11,4.10688e-05,0.999959,0.166667,0.166667,0.666667,0,0.0227273,0.977273,1,13.88,5.04,2.23,20.0,80,0.98,0.34,0.40,0.68,4.9,0.580,1.33,415
3,3,3,3,2,3,3,3,0.00121928,4.02662e-05,0.99874,0,0.06,0.94,0.00617637,0.00532065,0.988503,0,0.8,0.2,7.57601e-09,3.06459e-06,0.999997,0.0333333,0.0333333,0.933333,0,0.0227273,0.977273,1,13.84,4.12,2.38,19.5,89,1.80,0.83,0.48,1.56,9.01,0.570,1.64,480
3,3,3,3,3,3,2,3,0.000948693,0.0513723,0.947679,0,0.1,0.9,0.0062376,0.0800948,0.913668,0,0.4,0.6,7.04221e-11,0.000107395,0.999893,0.0625,0.875,0.0625,0,0.0227273,0.977273,1,12.20,3.03,2.32,19.0,96,1.25,0.49,0.40,0.73,5.5,0.660,1.83,510
3,3,3,3,3,3,3,3,0.00194568,5.19696e-06,0.998049,0,0,1,0.00594356,0.00279221,0.991264,0,0.4,0.6,5.05903e-10,9.99968e-08,1,0.0333333,0.0333333,0.933333,0,0.0227273,0.977273,1,14.16,2.51,2.48,20.0,91,1.68,0.70,0.44,1.24,9.7,0.620,1.71,660
3,3,3,3,3,3,3,3,0.00157526,1.50276e-06,0.998423,0,0,1,0.00630542,0.00747739,0.986217,0.4,0,0.6,6.99636e-09,1.40578e-07,1,0.0333333,0.0333333,0.933333,0,0.0227273,0.977273,1,13.17,2.59,2.37,20.0,120,1.65,0.68,0.53,1.46,9.3,0.600,1.62,840
1,1,1,1,1,1,1,1,1,2.14806e-11,2.17178e-08,1,0,0,0.999409,2.38528e-05,0.000567279,1,0,0,0.999999,6.41564e-07,9.41664e-11,0.952381,0.0238095,0.0238095,1,0,0,2,14.38,1.87,2.38,12.0,102,3.30,3.64,0.29,2.96,7.5,1.200,3.00,1547
1,1,1,1,1,1,1,1,0.999704,8.32194e-07,0.000294927,1,0,0,0.956676,0.00568923,0.0376348,1,0,0,0.999988,1.09722e-05,1.15731e-06,0.952381,0.0238095,0.0238095,1,0,0,2,14.30,1.92,2.72,20.0,120,2.80,3.14,0.33,1.97,6.2,1.070,2.65,1280
1,2,2,1,3,1,2,1,0.183721,0.744065,0.0722141,0.29,0.61,0.1,0.483881,0.448342,0.0677764,0.4,0,0.6,0.661687,0.337829,0.000483826,0.0222222,0.955556,0.0222222,1,0,0,2,13.05,2.05,3.22,25.0,124,2.63,2.68,0.47,1.92,3.58,1.130,3.20,830
1,1,1,1,1,1,1,1,0.999243,2.12375e-05,0.00073544,0.68,0.22,0.1,0.958081,0.0130523,0.0288664,1,0,0,0.997312,0.00268583,1.92375e-06,0.952381,0.0238095,0.0238095,1,0,0,2,13.76,1.53,2.70,19.5,132,2.95,2.74,0.50,1.35,5.4,1.250,3.00,1235
1,1,1,1,1,1,1,1,0.998551,4.53035e-05,0.00140393,1,0,0,0.935954,0.0327355,0.0313106,1,0,0,0.999997,3.43072e-06,3.91152e-08,0.952381,0.0238095,0.0238095,1,0,0,2,14.10,2.02,2.40,18.8,103,2.75,2.92,0.32,2.38,6.2,1.070,2.75,1060
1,1,1,1,1,1,1,1,0.999977,6.63458e-08,2.2584e-05,0.98,0.02,0,0.980089,0.00413771,0.0157734,1,0,0,0.999977,2.31267e-05,5.66175e-08,0.952381,0.0238095,0.0238095,1,0,0,2,13.77,1.90,2.68,17.1,115,3.00,2.79,0.39,1.68,6.3,1.130,2.93,1375
2,2,2,2,3,2,2,2,0.0579689,0.927772,0.0142587,0.15,0.65,0.2,0.0833201,0.894718,0.0219614,0.2,0.2,0.6,0.155948,0.84404,1.1773e-05,0.0769231,0.846154,0.0769231,0.0212766,0.978723,0,2,12.37,1.21,2.56,18.1,98,2.42,2.65,0.37,2.08,4.6,1.190,2.30,678
2,3,3,3,3,3,3,2,0.0077554,0.198589,0.793656,0,0.2,0.8,0.0209665,0.320888,0.658146,0,0.4,0.6,1.57516e-08,0.0197139,0.980286,0.0714286,0.0714286,0.857143,0.0212766,0.978723,0,2,13.05,3.86,2.32,22.5,85,1.65,1.59,0.61,1.62,4.8,0.840,2.01,515
2,2,2,2,2,2,2,2,1.12351e-05,0.99938,0.000608336,0,1,0,1.66694e-05,0.996778,0.00320515,0,0.6,0.4,1.83818e-08,0.999996,4.25923e-06,0.0222222,0.955556,0.0222222,0.0212766,0.978723,0,2,12.16,1.61,2.31,22.8,90,1.78,1.69,0.43,1.56,2.45,1.330,2.26,495
2,2,2,2,2,2,2,2,5.32889e-05,0.999881,6.54401e-05,0,1,0,4.85048e-06,0.998723,0.00127248,0,0.6,0.4,5.31573e-10,0.999998,2.11219e-06,0.0222222,0.955556,0.0222222,0.0212766,0.978723,0,2,12.08,1.33,2.30,23.6,70,2.20,1.59,0.42,1.38,1.74,1.070,3.21,625
2,2,2,2,2,2,2,2,0.000108788,0.993714,0.00617703,0,1,0,0.00819105,0.900672,0.0911374,0,0.8,0.2,5.18084e-09,0.992981,0.00701851,0.0222222,0.955556,0.0222222,0.0212766,0.978723,0,2,12.72,1.75,2.28,22.5,84,1.38,1.76,0.48,1.63,3.3,0.880,2.42,488
2,2,2,2,2,2,2,2,0.00208311,0.997863,5.3864e-05,0.211111,0.788889,0,0.039347,0.95781,0.00284329,0.2,0.4,0.4,0.0670683,0.93293,1.58361e-06,0.0222222,0.955556,0.0222222,0.0212766,0.978723,0,2,11.61,1.35,2.70,20.0,94,2.74,2.92,0.29,2.49,2.65,0.960,3.26,680
2,2,2,2,2,2,2,2,3.44135e-06,0.998446,0.00155086,0,1,0,0.0120744,0.904909,0.0830165,0,0.6,0.4,1.814e-07,0.999963,3.68047e-05,0.0222222,0.955556,0.0222222,0.0212766,0.978723,0,2,11.79,2.13,2.78,28.5,92,2.13,2.24,0.58,1.76,3,0.970,2.44,466
3,3,3,3,2,3,3,3,0.000146251,0.0204304,0.979423,0,0,1,0.0046348,0.0231556,0.97221,0,0.6,0.4,2.82857e-11,5.05279e-06,0.999995,0.0714286,0.0714286,0.857143,0,0.0227273,0.977273,2,12.81,2.31,2.40,24.0,98,1.15,1.09,0.27,0.83,5.7,0.660,1.36,560
3,3,3,3,3,3,3,3,0.00478522,0.0928864,0.902328,0,0.1,0.9,0.0130844,0.143322,0.843593,0,0.2,0.8,2.16337e-09,0.00185421,0.998146,0.0714286,0.0714286,0.857143,0,0.0227273,0.977273,2,12.93,2.81,2.70,21.0,96,1.54,0.50,0.53,0.75,4.6,0.770,2.31,600
3,3,3,3,3,3,2,3,0.0505504,0.0137648,0.935685,0,0,1,0.0118726,0.0513891,0.936738,0.4,0,0.6,8.78498e-08,0.0001158,0.999884,0.0222222,0.955556,0.0222222,0,0.0227273,0.977273,2,13.16,3.57,2.15,21.0,102,1.50,0.55,0.43,1.30,4,0.600,1.68,830
3,3,3,3,2,3,3,3,0.000304077,1.56236e-06,0.999694,0,0,1,0.025022,0.00266254,0.972315,0,0.6,0.4,5.89092e-07,1.73758e-05,0.999982,0.0333333,0.0333333,0.933333,0,0.0227273,0.977273,2,13.48,1.67,2.64,22.5,89,2.60,1.10,0.52,2.29,11.75,0.570,1.78,620
3,3,3,3,3,3,3,3,0.000133784,8.59073e-08,0.999866,0,0.1,0.9,0.0087365,0.00261467,0.988649,0.2,0.2,0.6,1.4232e-07,1.16231e-06,0.999999,0.0333333,0.0333333,0.933333,0,0.0227273,0.977273,2,13.45,3.70,2.60,23.0,111,1.70,0.92,0.43,1.46,10.68,0.850,1.56,695
1,1,1,1,1,1,1,1,0.999994,1.74011e-09,5.96783e-06,0.95,0.05,0,0.999317,0.000100006,0.000582626,1,0,0,1,6.25184e-08,2.20987e-09,0.955556,0.0222222,0.0222222,1,0,0,3,14.37,1.95,2.50,16.8,113,3.85,3.49,0.24,2.18,7.8,0.860,3.45,1480
1,1,1,1,1,1,1,1,0.999556,2.92811e-05,0.000414386,1,0,0,0.992784,0.0051596,0.00205665,1,0,0,0.999999,1.05538e-06,6.37268e-10,0.955556,0.0222222,0.0222222,1,0,0,3,13.86,1.35,2.27,16.0,98,2.98,3.15,0.22,1.85,7.22,1.010,3.55,1045
1,1,1,1,1,1,2,1,0.999551,2.69272e-07,0.000448617,1,0,0,0.990151,0.00206038,0.00778864,1,0,0,1,1.54604e-07,1.93715e-09,0.0909091,0.818182,0.0909091,1,0,0,3,13.63,1.81,2.70,17.2,112,2.85,2.91,0.30,1.46,7.3,1.280,2.88,1310
1,1,1,1,3,1,2,1,0.817686,0.180183,0.00213091,0.756667,0.243333,0,0.948934,0.0460358,0.00502987,0.2,0.2,0.6,0.990698,0.00930185,5.78179e-07,0.0217391,0.956522,0.0217391,1,0,0,3,13.50,1.81,2.61,20.0,96,2.53,2.61,0.28,1.66,3.52,1.120,3.82,845
1,1,1,1,1,1,1,1,0.991083,0.00747529,0.00144151,0.916667,0.0833333,0,0.981298,0.013938,0.0047638,0.6,0.2,0.2,0.997831,0.00216775,1.73754e-06,0.818182,0.0909091,0.0909091,1,0,0,3,13.87,1.90,2.80,19.4,107,2.95,2.97,0.37,1.76,4.5,1.250,3.40,915
1,1,1,1,1,1,1,1,0.996124,0.000166626,0.00370958,1,0,0,0.93235,0.0601756,0.00747414,1,0,0,0.999997,2.78938e-06,1.20674e-08,0.955556,0.0222222,0.0222222,1,0,0,3,13.56,1.73,2.46,20.5,116,2.96,2.78,0.20,2.45,6.25,0.980,3.03,1120
2,2,2,2,3,2,2,2,0.0284653,0.945583,0.0259515,0.216667,0.416667,0.366667,0.0547843,0.920164,0.0250517,0,0.2,0.8,8.44454e-05,0.995471,0.00444418,0.0217391,0.956522,0.0217391,0.0196078,0.980392,0,3,13.67,1.25,1.92,18.0,94,2.10,1.79,0.32,0.73,3.8,1.230,2.46,630
2,2,2,2,3,2,1,1,0.1279,0.869119,0.00298036,0.1,0.9,0,0.204961,0.790827,0.00421166,0,0,1,0.00168077,0.998319,6.86951e-07,0.6,0.2,0.2,1,0,0,3,12.72,1.81,2.20,18.8,86,2.20,2.53,0.26,1.77,3.9,1.160,3.14,714
2,2,2,2,3,2,2,2,0.000116975,0.999726,0.000156539,0,1,0,0.00261801,0.994052,0.00333,0,0.4,0.6,1.67979e-10,0.99999,9.61031e-06,0.0909091,0.818182,0.0909091,0.0196078,0.980392,0,3,12.08,1.13,2.51,24.0,78,2.00,1.58,0.40,1.40,2.2,1.310,2.72,630
2,2,2,2,2,2,2,2,0.000293832,0.9997,5.96254e-06,0,1,0,0.0105738,0.989342,8.45456e-05,0,0.8,0.2,5.18574e-06,0.999995,1.22102e-07,0.0909091,0.818182,0.0909091,0.0196078,0.980392,0,3,12.29,3.17,2.21,18.0,88,2.85,2.99,0.45,2.81,2.3,1.420,2.83,406
2,2,2,2,3,2,2,2,0.0230573,0.974735,0.00220778,0,0.9,0.1,0.0102471,0.989165,0.000588037,0,0,1,0.00837109,0.991614,1.53962e-05,0.0217391,0.956522,0.0217391,0,1,0,3,12.08,2.08,1.70,17.5,97,2.23,2.17,0.26,1.40,3.3,1.270,2.96,710
2,2,2,2,2,2,2,2,2.1806e-05,0.999815,0.000163483,0,1,0,0.00487142,0.993249,0.00188001,0,1,0,3.37145e-08,0.99327,0.0067296,0.0217391,0.956522,0.0217391,0.0196078,0.980392,0,3,12.42,2.55,2.27,22.0,90,1.68,1.84,0.66,1.42,2.7,0.860,3.30,315
2,2,2,2,2,2,2,2,8.43907e-06,0.99994,5.15411e-05,0,1,0,3.68921e-05,0.996373,0.00358974,0,1,0,5.50796e-09,1,4.82507e-07,0.0217391,0.956522,0.0217391,0.0196078,0.980392,0,3,11.41,0.74,2.50,21.0,88,2.48,2.01,0.42,1.44,3.08,1.100,2.31,434
3,3,3,3,3,3,2,3,0.0046214,0.0426527,0.952726,0,0.2,0.8,0.0230634,0.063424,0.913513,0,0.2,0.8,5.19593e-09,0.00222047,0.99778,0.0909091,0.818182,0.0909091,0,0,1,3,12.70,3.55,2.36,21.5,106,1.70,1.20,0.17,0.84,5,0.780,1.29,600
3,3,3,3,3,3,3,2,0.000152859,7.27204e-05,0.999774,0,0.1,0.9,0.00664906,0.00944221,0.983909,0,0.2,0.8,3.75201e-09,6.53909e-06,0.999993,0.0344828,0.0344828,0.931034,0.0196078,0.980392,0,3,13.50,3.12,2.62,24.0,123,1.40,1.57,0.22,1.25,8.6,0.590,1.30,500
3,3,3,3,2,3,3,3,0.00235389,0.0153367,0.982309,0,0.125,0.875,0.0104017,0.323771,0.665827,0,0.6,0.4,1.68181e-09,0.00036032,0.99964,0.0625,0.0625,0.875,0,0,1,3,12.85,3.27,2.58,22.0,106,1.65,0.60,0.60,0.96,5.58,0.870,2.11,570
3,3,3,3,3,3,3,3,0.00114131,0.000898657,0.99796,0,0.0333333,0.966667,0.00346044,0.0486036,0.947936,0,0.4,0.6,7.18818e-12,1.18832e-06,0.999999,0.0625,0.0625,0.875,0,0,1,3,13.73,4.36,2.26,22.5,88,1.28,0.47,0.52,1.15,6.62,0.780,1.75,520
3,3,3,3,3,3,3,3,0.0128498,4.0858e-06,0.987146,0,0,1,0.00907996,0.0074839,0.983436,0,0.2,0.8,5.30466e-11,4.23207e-09,1,0.0344828,0.0344828,0.931034,0,0,1,3,13.71,5.65,2.45,20.5,95,1.68,0.61,0.52,1.06,7.7,0.640,1.74,740
1,1,1,1,3,1,1,1,0.998535,0.000352964,0.00111173,1,0,0,0.99076,0.00354754,0.00569202,0.4,0,0.6,0.999855,0.000140943,3.66755e-06,0.818182,0.0909091,0.0909091,1,0,0,4,13.64,3.10,2.56,15.2,116,2.70,3.03,0.17,1.66,5.1,0.960,3.36,845
1,1,1,1,1,1,1,1,0.998566,0.000362108,0.00107224,1,0,0,0.903708,0.0694798,0.0268122,1,0,0,0.98652,0.0134654,1.47839e-05,0.952381,0.0238095,0.0238095,1,0,0,4,13.41,3.84,2.12,18.8,90,2.45,2.68,0.27,1.48,4.28,0.910,3.00,1035
1,1,1,1,1,1,1,1,0.99997,4.22116e-06,2.58306e-05,1,0,0,0.996989,0.00150432,0.00150678,1,0,0,0.999999,1.04896e-06,1.16647e-10,0.952381,0.0238095,0.0238095,1,0,0,4,14.38,3.59,2.28,16.0,102,3.25,3.17,0.27,2.19,4.9,1.040,3.44,1065
1,1,1,1,1,1,1,1,0.999798,5.82851e-08,0.000201985,1,0,0,0.990615,0.00544628,0.00393878,1,0,0,0.999999,6.26448e-07,1.50195e-10,0.952381,0.0238095,0.0238095,1,0,0,4,13.94,1.73,2.27,17.4,108,2.88,3.54,0.32,2.08,8.9,1.120,3.10,1260
1,1,1,1,1,1,1,1,0.999954,3.65339e-06,4.2243e-05,0.7,0.3,0,0.941533,0.0573765,0.00109046,1,0,0,0.999993,7.45153e-06,3.43104e-10,0.952381,0.0238095,0.0238095,1,0,0,4,13.05,1.73,2.04,12.4,92,2.72,3.27,0.17,2.91,7.2,1.120,2.91,1150
1,1,1,1,1,1,1,1,0.999989,1.82773e-07,1.12608e-05,0.98,0.02,0,0.998943,0.000341701,0.000715044,1,0,0,1,2.35505e-08,7.99418e-12,0.952381,0.0238095,0.0238095,1,0,0,4,13.82,1.75,2.42,14.0,111,3.88,3.74,0.32,1.87,7.05,1.010,3.26,1190
2,2,2,3,3,2,2,2,0.162234,0.652931,0.184836,0.3,0.6,0.1,0.175727,0.191296,0.632977,0.4,0,0.6,0.00105142,0.975915,0.0230337,0.0555556,0.888889,0.0555556,0,1,0,4,13.34,0.94,2.36,17.0,110,2.53,1.30,0.55,0.42,3.17,1.020,1.93,750
2,2,2,2,2,2,2,2,7.60952e-05,0.999836,8.79077e-05,0.2,0.6,0.2,0.0175838,0.980362,0.00205436,0,0.8,0.2,0.0482679,0.951731,1.25298e-06,0.0333333,0.933333,0.0333333,0.0204082,0.979592,0,4,13.86,1.51,2.67,25.0,86,2.95,2.86,0.21,1.87,3.38,1.360,3.16,410
2,2,2,2,2,2,2,2,3.95279e-07,0.999998,1.90125e-06,0,1,0,1.59558e-07,0.999969,3.12053e-05,0,1,0,5.38131e-07,0.999999,6.80944e-10,0.0555556,0.888889,0.0555556,0.0204082,0.979592,0,4,12.00,0.92,2.00,19.0,86,2.42,2.26,0.30,1.43,2.5,1.380,3.12,278
2,1,2,2,1,2,2,2,0.720523,0.267399,0.0120779,0.3,0.7,0,0.270296,0.72628,0.00342408,0.8,0.2,0,0.00964194,0.990358,2.60006e-07,0.0555556,0.888889,0.0555556,0,1,0,4,12.47,1.52,2.20,19.0,162,2.50,2.27,0.32,3.28,2.6,1.160,2.63,937
2,2,2,2,2,2,2,2,9.91702e-05,0.999877,2.38657e-05,0,1,0,0.00684312,0.9928,0.000357238,0,0.8,0.2,1.25458e-06,0.999999,4.29191e-10,0.0555556,0.888889,0.0555556,0.0204082,0.979592,0,4,12.29,1.41,1.98,16.0,85,2.55,2.50,0.29,1.77,2.9,1.230,2.74,428
2,2,2,2,2,2,2,2,0.000212615,0.999375,0.00041266,0,1,0,0.0831974,0.903225,0.0135774,0,1,0,0.000686386,0.999307,6.9201e-06,0.0333333,0.933333,0.0333333,0.0204082,0.979592,0,4,12.34,2.45,2.46,21.0,98,2.56,2.11,0.34,1.31,2.8,0.800,3.38,438
2,2,2,2,3,2,1,2,0.0164353,0.937081,0.0464841,0.04,0.91,0.05,0.104774,0.845422,0.049804,0,0.2,0.8,2.11027e-07,0.956481,0.043519,0.6,0.2,0.2,0.0204082,0.979592,0,4,11.76,2.68,2.92,20.0,103,1.75,2.03,0.60,1.05,3.8,1.230,2.50,607
3,3,3,3,3,3,3,3,0.000522493,0.0143989,0.985079,0.0333333,0.128333,0.838333,0.0042783,0.140579,0.855142,0,0.2,0.8,3.34021e-11,3.59983e-05,0.999964,0.125,0.125,0.75,0,0.0227273,0.977273,4,12.53,5.51,2.64,25.0,96,1.79,0.60,0.63,1.10,5,0.820,1.69,515
3,3,3,3,2,3,3,3,0.00456757,0.00952306,0.985909,0.0333333,0.202381,0.764286,0.0109785,0.0888731,0.900148,0,0.8,0.2,2.85901e-11,7.20806e-05,0.999928,0.2,0.2,0.6,0,0.0227273,0.977273,4,13.49,3.59,2.19,19.5,88,1.62,0.48,0.58,0.88,5.7,0.810,1.82,580
3,3,3,3,1,3,3,3,0.000917785,0.000124439,0.998958,0.3,0.1,0.6,0.00368927,0.0269918,0.969319,0.4,0.4,0.2,3.17974e-12,1.52254e-07,1,0.0333333,0.0333333,0.933333,0,0.0227273,0.977273,4,12.45,3.03,2.64,27.0,97,1.90,0.58,0.63,1.14,7.5,0.670,1.73,880
3,3,3,3,3,3,3,3,0.000280832,8.15063e-07,0.999718,0.1,0.1,0.8,0.0495254,0.0136433,0.936831,0,0.2,0.8,0.00774334,0.0530864,0.93917,0.0333333,0.0333333,0.933333,0,0.0227273,0.977273,4,14.34,1.68,2.70,25.0,98,2.80,1.31,0.53,2.70,13,0.570,1.96,660
3,3,3,3,2,3,3,3,0.00887298,0.00113013,0.989997,0.2,0.216667,0.583333,0.0216682,0.0254694,0.952862,0.2,0.4,0.4,1.63675e-07,5.79032e-06,0.999994,0.125,0.125,0.75,0,0.0227273,0.977273,4,13.69,3.26,2.54,20.0,107,1.83,0.56,0.50,0.80,5.88,0.960,1.82,680
1,1,1,1,1,1,1,1,0.999932,1.41715e-06,6.70113e-05,1,0,0,0.988816,0.00127483,0.00990895,1,0,0,0.999994,6.14639e-06,2.62398e-08,0.953488,0.0232558,0.0232558,0.981132,0.0188679,0,5,14.06,2.15,2.61,17.6,121,2.60,2.51,0.31,1.25,5.05,1.060,3.58,1295
1,1,1,1,1,1,1,1,0.999963,2.75284e-05,9.50478e-06,1,0,0,0.989315,0.00458078,0.00610425,1,0,0,0.999989,1.08009e-05,3.18342e-08,0.953488,0.0232558,0.0232558,0.981132,0.0188679,0,5,13.39,1.77,2.62,16.1,93,2.85,2.94,0.34,1.45,4.8,0.920,3.22,1195
1,1,1,1,1,1,1,2,0.99984,0.000121054,3.93612e-05,0.6,0.4,0,0.832408,0.143813,0.0237785,1,0,0,0.9979,0.00209954,2.40607e-08,0.953488,0.0232558,0.0232558,0,1,0,5,13.30,1.72,2.14,17.0,94,2.40,2.19,0.27,1.35,3.95,1.020,2.77,1285
1,1,1,1,1,1,1,1,0.999278,0.000600571,0.000121417,1,0,0,0.982239,0.0124276,0.00533304,1,0,0,0.999997,2.94851e-06,4.25404e-11,0.953488,0.0232558,0.0232558,0.981132,0.0188679,0,5,14.02,1.68,2.21,16.0,96,2.65,2.33,0.26,1.98,4.7,1.040,3.59,1035
1,1,1,1,1,1,1,1,0.983462,0.0161491,0.000389226,0.9,0.1,0,0.417996,0.573886,0.00811856,1,0,0,0.947175,0.0528251,8.27865e-08,0.953488,0.0232558,0.0232558,0.981132,0.0188679,0,5,13.07,1.50,2.10,15.5,98,2.40,2.64,0.28,1.37,3.7,1.180,2.69,1020
1,1,1,1,1,1,1,1,0.998599,0.000119615,0.00128116,1,0,0,0.992321,0.00334185,0.00433763,0.8,0.2,0,1,5.04234e-08,2.68225e-10,0.866667,0.0666667,0.0666667,0.981132,0.0188679,0,5,14.22,1.70,2.30,16.3,118,3.20,3.00,0.26,2.03,6.38,0.940,3.31,970
2,3,2,2,2,2,2,3,0.00144251,0.350444,0.648114,0,0.5,0.5,0.0077132,0.697086,0.295201,0,1,0,1.5967e-06,0.995337,0.00466173,0.25,0.5,0.25,0,0,1,5,12.64,1.36,2.02,16.8,100,2.02,1.41,0.53,0.62,5.75,0.980,1.59,450
2,2,2,2,1,2,1,2,0.0862974,0.912914,0.000788841,0.1,0.9,0,0.0530242,0.945602,0.00137347,0.6,0.2,0.2,0.225487,0.774513,1.90085e-07,0.866667,0.0666667,0.0666667,0,1,0,5,11.96,1.09,2.30,21.0,101,3.38,2.14,0.13,1.65,3.21,0.990,3.13,886
2,2,2,2,3,2,3,2,0.000248252,0.9997,5.15305e-05,0,1,0,0.0793998,0.918609,0.00199108,0,0.2,0.8,4.51671e-06,0.999972,2.30096e-05,0.111111,0.111111,0.777778,0,1,0,5,11.84,0.89,2.58,18.0,94,2.20,2.21,0.22,2.35,3.05,0.790,3.08,520
2,2,2,2,2,2,2,2,0.000684119,0.999019,0.00029697,0,1,0,0.00674441,0.991884,0.00137161,0,0.6,0.4,3.84417e-07,0.999996,3.43642e-06,0.0434783,0.913043,0.0434783,0,1,0,5,12.25,1.73,2.12,19.0,80,1.65,2.03,0.37,1.63,3.4,1.000,3.17,510
2,2,2,2,3,2,1,2,0.00124708,0.998645,0.000108352,0,0.866667,0.133333,0.00522891,0.994727,4.40075e-05,0,0.2,0.8,0.00011197,0.999875,1.29671e-05,0.5,0.25,0.25,0,1,0,5,11.46,3.74,1.82,19.5,107,3.18,2.58,0.24,3.58,2.9,0.750,2.81,562
2,2,2,2,2,2,2,2,1.97512e-05,0.999931,4.96798e-05,0,1,0,0.0040144,0.992974,0.00301192,0,1,0,2.34627e-08,1,2.72908e-07,0.047619,0.904762,0.047619,0,1,0,5,12.08,1.39,2.50,22.5,84,2.56,2.29,0.43,1.04,2.9,0.930,3.19,385
2,2,2,2,2,2,2,2,4.50398e-05,0.999925,3.01928e-05,0.2,0.8,0,0.00315773,0.995981,0.000861177,0,1,0,1.60343e-07,1,1.9451e-07,0.047619,0.904762,0.047619,0,1,0,5,12.07,2.16,2.17,21.0,85,2.60,2.65,0.37,1.35,2.76,0.860,3.28,378
3,3,3,2,2,3,2,3,0.0151535,0.434068,0.550779,0,0.3,0.7,0.00989126,0.707998,0.282111,0,0.6,0.4,8.30695e-10,0.00569223,0.994308,0.25,0.5,0.25,0,0,1,5,12.51,1.24,2.25,17.5,85,2.00,0.58,0.60,1.25,5.45,0.750,1.51,650
3,3,3,3,2,3,3,3,0.00481347,0.00183484,0.993352,0,0.2,0.8,0.00711806,0.172654,0.820228,0,0.8,0.2,7.81975e-11,1.41752e-06,0.999999,0.0357143,0.0357143,0.928571,0,0,1,5,12.60,2.46,2.20,18.5,94,1.62,0.66,0.63,0.94,7.1,0.730,1.58,695
3,3,3,3,2,3,3,3,0.00236186,9.82329e-05,0.99754,0,0,1,0.00664273,0.00788191,0.985475,0,0.6,0.4,1.02069e-13,4.84179e-07,1,0.0357143,0.0357143,0.928571,0,0,1,5,12.87,4.61,2.48,21.5,86,1.70,0.65,0.47,0.86,7.65,0.540,1.86,625
3,3,3,3,2,3,3,3,0.00155004,7.061e-05,0.998379,0,0,1,0.00856289,0.0114133,0.980024,0,0.6,0.4,8.08464e-11,1.43192e-07,1,0.0357143,0.0357143,0.928571,0,0,1,5,13.32,3.24,2.38,21.5,92,1.93,0.76,0.45,1.25,8.42,0.550,1.62,650
3,3,3,3,3,3,3,3,0.000415673,0.00242477,0.99716,0,0.3,0.7,0.00444301,0.163538,0.832019,0,0.4,0.6,5.18177e-10,7.90115e-05,0.999921,0.0357143,0.0357143,0.928571,0,0,1,5,12.58,1.29,2.10,20.0,103,1.48,0.58,0.53,1.40,7.6,0.580,1.55,640
1,1,1,1,1,1,1,1,0.999738,8.84008e-06,0.0002534,1,0,0,0.990131,0.00568292,0.00418654,1,0,0,0.999996,3.78201e-06,9.55684e-10,0.952381,0.0238095,0.0238095,1,0,0,6,13.16,2.36,2.67,18.6,101,2.80,3.24,0.30,2.81,5.68,1.030,3.17,1185
1,1,1,1,1,1,1,1,0.999995,1.08942e-06,3.75082e-06,0.95,0.05,0,0.998478,0.000127324,0.00139474,1,0,0,0.999996,4.39027e-06,3.81773e-09,0.952381,0.0238095,0.0238095,1,0,0,6,14.75,1.73,2.39,11.4,91,3.10,3.69,0.43,2.81,5.4,1.250,2.73,1150
1,1,1,1,1,1,1,1,0.985299,0.0128605,0.0018407,0.975,0.025,0,0.975708,0.022743,0.0015488,0.6,0.4,0,0.999998,1.97483e-06,3.03964e-10,0.875,0.0625,0.0625,1,0,0,6,14.06,1.63,2.28,16.0,126,3.00,3.17,0.24,2.10,5.65,1.090,3.71,780
1,1,1,1,1,1,1,1,0.999144,8.0054e-06,0.000848163,0.76,0.24,0,0.975343,0.0143823,0.0102743,1,0,0,0.999734,0.000265538,1.65154e-07,0.952381,0.0238095,0.0238095,1,0,0,6,13.73,1.50,2.70,22.5,101,3.00,3.25,0.29,2.38,5.7,1.190,2.71,1285
1,1,1,1,1,1,1,1,0.995573,0.000687705,0.00373895,1,0,0,0.933806,0.0373024,0.0288918,1,0,0,0.998296,0.00170428,6.83583e-08,0.952381,0.0238095,0.0238095,1,0,0,6,13.51,1.80,2.65,19.0,110,2.35,2.53,0.29,1.54,4.2,1.100,2.87,1095
1,1,1,1,1,1,1,1,0.998493,4.49611e-06,0.00150267,1,0,0,0.960894,0.00564353,0.0334628,1,0,0,0.999993,7.16712e-06,2.18803e-07,0.952381,0.0238095,0.0238095,1,0,0,6,14.21,4.04,2.44,18.9,111,2.85,2.65,0.30,1.25,5.24,0.870,3.33,1080
2,2,2,2,2,1,2,2,0.0204764,0.979167,0.000356614,0.275,0.725,0,0.0624924,0.937133,0.000374225,0,1,0,0.747181,0.252818,5.40271e-07,0.0833333,0.833333,0.0833333,0.0204082,0.979592,0,6,13.11,1.01,1.70,15.0,78,2.98,3.18,0.26,2.28,5.3,1.120,3.18,502
2,2,3,2,1,3,2,2,0.0503542,0.61404,0.335606,0.1,0.283333,0.616667,0.0161512,0.816426,0.167422,0.4,0.2,0.4,2.50507e-06,0.338905,0.661093,0.0243902,0.95122,0.0243902,0,1,0,6,12.29,1.61,2.21,20.4,103,1.10,1.02,0.37,1.46,3.05,0.906,1.82,870
2,2,2,2,2,2,2,2,0.00309308,0.991382,0.00552477,0,1,0,0.00658512,0.975433,0.0179821,0,0.8,0.2,4.18825e-09,0.999743,0.000256913,0.0243902,0.95122,0.0243902,0.0204082,0.979592,0,6,11.64,2.06,2.46,21.6,84,1.95,1.69,0.48,1.35,2.8,1.000,2.75,680
2,2,2,2,2,2,3,2,4.77053e-05,0.997324,0.00262818,0.05,0.95,0,0.00388526,0.968414,0.0277003,0,1,0,1.44855e-09,0.999937,6.33643e-05,0.0666667,0.0666667,0.866667,0,1,0,6,12.00,1.51,2.42,22.0,86,1.45,1.25,0.50,1.63,3.6,1.050,2.65,450
2,2,2,2,2,2,2,2,1.14427e-06,0.999991,8.00636e-06,0,1,0,9.24355e-07,0.99955,0.00044865,0,1,0,2.64124e-07,0.999999,6.151e-07,0.0243902,0.95122,0.0243902,0.0204082,0.979592,0,6,12.42,1.61,2.19,22.5,108,2.00,2.09,0.34,1.61,2.06,1.060,2.96,345
2,2,2,2,2,2,2,2,4.98696e-05,0.999605,0.000345019,0,1,0,0.00767207,0.983775,0.00855288,0,1,0,1.26216e-07,0.999733,0.000266437,0.0243902,0.95122,0.0243902,0.0204082,0.979592,0,6,12.42,4.43,2.73,26.5,102,2.20,2.13,0.43,1.71,2.08,0.920,3.12,365
2,2,2,2,2,2,2,2,0.000482385,0.999494,2.36115e-05,0,0.9,0.1,0.0506102,0.948512,0.000878081,0,1,0,2.38138e-05,0.999936,4.05377e-05,0.0769231,0.846154,0.0769231,0.0204082,0.979592,0,6,11.87,4.31,2.39,21.0,82,2.86,3.03,0.21,2.91,2.8,0.750,3.64,380
3,2,3,3,2,3,2,3,0.00637146,0.768614,0.225014,0,0.1,0.9,0.0505267,0.423512,0.525961,0,0.8,0.2,1.21084e-08,0.0965475,0.903452,0.111111,0.777778,0.111111,0,0.0227273,0.977273,6,12.86,1.35,2.32,18.0,122,1.51,1.25,0.21,0.94,4.1,0.760,1.29,630
3,3,2,3,3,3,3,3,0.00308553,0.0958376,0.901077,0.15,0.475,0.375,0.0199483,0.161764,0.818287,0,0.2,0.8,9.26961e-09,0.00231989,0.99768,0.0666667,0.0666667,0.866667,0,0.0227273,0.977273,6,12.84,2.96,2.61,24.0,101,2.32,0.60,0.53,0.81,4.92,0.890,2.15,590
3,3,3,3,2,3,3,3,0.00203152,1.22678e-06,0.997967,0,0,1,0.00774949,0.00786981,0.984381,0.2,0.6,0.2,8.49028e-08,1.67556e-06,0.999998,0.0344828,0.0344828,0.931034,0,0.0227273,0.977273,6,13.23,3.30,2.28,18.5,98,1.80,0.83,0.61,1.87,10.52,0.560,1.51,675
3,3,3,3,2,3,3,3,0.00076413,7.50087e-07,0.999235,0,0,1,0.00562593,0.00541584,0.988958,0,0.8,0.2,1.96548e-12,5.00634e-07,0.999999,0.0344828,0.0344828,0.931034,0,0.0227273,0.977273,6,12.82,3.37,2.30,19.5,88,1.48,0.66,0.40,0.97,10.26,0.720,1.75,685
3,3,3,3,2,3,3,3,0.000934583,8.0398e-06,0.999057,0,0,1,0.0129701,0.00660175,0.980428,0,0.6,0.4,1.74574e-10,2.75812e-07,1,0.0344828,0.0344828,0.931034,0,0.0227273,0.977273,6,13.40,4.60,2.86,25.0,112,1.98,0.96,0.27,1.11,8.5,0.670,1.92,630
1,1,1,1,1,1,1,1,0.999973,1.41508e-06,2.56581e-05,0.7,0.3,0,0.983356,0.00445383,0.0121898,1,0,0,0.999998,1.88377e-06,4.70704e-11,0.955556,0.0222222,0.0222222,1,0,0,7,13.75,1.73,2.41,16.0,89,2.60,2.76,0.29,1.81,5.6,1.150,2.90,1320
1,1,1,1,1,1,1,1,0.990405,0.00860333,0.000992105,0.88,0.12,0,0.878078,0.101966,0.0199559,0.8,0.2,0,0.995718,0.00428188,1.93859e-07,0.955556,0.0222222,0.0222222,1,0,0,7,13.68,1.83,2.36,17.2,104,2.42,2.69,0.42,1.97,3.84,1.230,2.87,990
1,1,1,1,1,1,1,1,0.982445,0.012155,0.00539993,1,0,0,0.951051,0.0160393,0.0329094,0.4,0.4,0.2,0.997412,0.00258823,9.22851e-08,0.846154,0.0769231,0.0769231,1,0,0,7,13.28,1.64,2.84,15.5,110,2.60,2.68,0.34,1.36,4.6,1.090,2.78,880
1,1,1,1,1,1,1,1,0.995949,0.00219832,0.00185229,0.9,0,0.1,0.86258,0.0902276,0.0471927,1,0,0,0.999303,0.000696999,1.33484e-07,0.955556,0.0222222,0.0222222,1,0,0,7,13.05,1.65,2.55,18.0,98,2.45,2.43,0.29,1.44,4.25,1.120,2.51,1105
1,1,1,1,1,1,2,1,0.971517,0.0263558,0.00212749,0.82,0.18,0,0.616875,0.379364,0.00376111,0.4,0.4,0.2,0.999957,4.34859e-05,1.89951e-09,0.0833333,0.833333,0.0833333,1,0,0,7,13.05,1.77,2.10,17.0,107,3.00,3.00,0.28,2.03,5.04,0.880,3.35,885
1,1,1,1,1,1,1,1,0.999973,7.5294e-07,2.63213e-05,0.9,0.1,0,0.995959,0.00161083,0.00243008,1,0,0,1,3.16224e-07,7.12996e-10,0.955556,0.0222222,0.0222222,1,0,0,7,13.72,1.43,2.50,16.7,108,3.40,3.67,0.19,2.04,6.8,0.890,2.87,1285
2,2,2,2,2,2,2,2,0.000324157,0.999622,5.37528e-05,0.06,0.94,0,0.00691405,0.992723,0.000362959,0,0.8,0.2,0.000435184,0.999565,9.71066e-09,0.0714286,0.857143,0.0714286,0.0208333,0.979167,0,7,12.37,1.13,2.16,19.0,87,3.50,3.10,0.19,1.87,4.45,1.220,2.87,420
2,2,2,2,1,2,2,2,0.00291222,0.981831,0.0152564,0,0.9,0.1,0.00497984,0.994431,0.000589532,0.4,0.4,0.2,1.74044e-05,0.999983,7.57308e-09,0.0833333,0.833333,0.0833333,0,1,0,7,12.21,1.19,1.75,16.8,151,1.85,1.28,0.14,2.50,2.85,1.280,3.07,718
2,2,2,2,2,2,2,2,0.000562065,0.99432,0.00511754,0.18,0.786667,0.0333333,0.0101533,0.951136,0.0387108,0,0.6,0.4,3.20617e-06,0.99983,0.000167262,0.25,0.5,0.25,0.0208333,0.979167,0,7,13.49,1.66,2.24,24.0,87,1.88,1.84,0.27,1.03,3.74,0.980,2.78,472
2,2,2,2,2,2,2,2,9.12933e-05,0.999819,8.92592e-05,0,1,0,0.0109597,0.98776,0.00127994,0,1,0,8.93876e-07,0.999998,8.46832e-07,0.0769231,0.846154,0.0769231,0.0208333,0.979167,0,7,12.67,0.98,2.24,18.0,99,2.20,1.94,0.30,1.46,2.62,1.230,3.16,450
2,2,2,2,2,2,2,2,4.43455e-06,0.999969,2.64021e-05,0,1,0,2.06119e-05,0.997102,0.00287709,0,0.8,0.2,4.05384e-09,0.999999,8.96614e-07,0.0769231,0.846154,0.0769231,0.0208333,0.979167,0,7,11.82,1.72,1.88,19.5,86,2.50,1.64,0.37,1.42,2.06,0.940,2.44,415
2,2,2,2,2,2,3,2,6.02774e-05,0.999895,4.46911e-05,0,0.9,0.1,0.00318036,0.995066,0.00175327,0,1,0,1.46176e-05,0.999852,0.000133324,0.142857,0.142857,0.714286,0.0208333,0.979167,0,7,12.43,1.53,2.29,21.5,86,2.74,3.15,0.39,1.77,3.94,0.690,2.84,352
2,2,2,2,2,2,2,2,1.32216e-06,0.999993,5.92351e-06,0,1,0,2.86174e-06,0.99902,0.00097722,0,1,0,1.88518e-07,0.999999,9.98668e-07,0.04,0.92,0.04,0.0208333,0.979167,0,7,12.37,1.63,2.30,24.5,88,2.22,2.45,0.40,1.90,2.12,0.890,2.78,342
3,3,3,3,1,3,1,3,0.0673837,0.00640028,0.926216,0.2,0.0666667,0.733333,0.0285703,0.0670652,0.904365,0.4,0.2,0.4,2.71152e-08,1.44589e-05,0.999986,0.846154,0.0769231,0.0769231,0,0.0227273,0.977273,7,13.36,2.56,2.35,20.0,89,1.40,0.50,0.37,0.64,5.6,0.700,2.47,780
3,3,3,3,1,3,3,3,0.0111814,1.07062e-05,0.988808,0.1,0.22,0.68,0.0369945,0.0328325,0.930173,0.4,0.2,0.4,3.35753e-07,0.001723,0.998277,0.0357143,0.0357143,0.928571,0,0.0227273,0.977273,7,12.25,3.88,2.20,18.5,112,1.38,0.78,0.29,1.14,8.21,0.650,2.00,855
3,3,3,3,2,3,3,3,9.3385e-05,0.018636,0.981271,0.02,0.28,0.7,0.0162314,0.0175757,0.966193,0,1,0,2.27177e-06,0.00191446,0.998083,0.0357143,0.0357143,0.928571,0,0.0227273,0.977273,7,13.11,1.90,2.75,25.5,116,2.20,1.28,0.26,1.56,7.1,0.610,1.33,425
3,3,3,3,3,3,3,3,0.00150651,0.00186857,0.996625,0,0,1,0.0111613,0.0230384,0.9658,0,0.4,0.6,1.58198e-13,1.01091e-06,0.999999,0.0357143,0.0357143,0.928571,0,0.0227273,0.977273,7,12.36,3.83,2.38,21.0,88,2.30,0.92,0.50,1.04,7.65,0.560,1.58,520
3,3,3,3,2,3,3,3,0.000543886,6.03625e-06,0.99945,0,0,1,0.00394976,0.00208305,0.993967,0,0.6,0.4,2.01198e-10,7.53329e-08,1,0.0357143,0.0357143,0.928571,0,0.0227273,0.977273,7,14.13,4.10,2.74,24.5,96,2.05,0.76,0.56,1.35,9.2,0.610,1.60,560
1,1,1,1,3,1,1,2,0.48316,0.410075,0.106765,0.9,0.1,0,0.776949,0.189338,0.0337135,0,0.4,0.6,0.981022,0.0189715,6.77956e-06,0.6,0.2,0.2,0,0.982143,0.0178571,8,13.24,2.59,2.87,21.0,118,2.80,2.69,0.39,1.82,4.32,1.040,2.93,735
1,1,1,1,1,1,1,1,0.999789,7.17829e-05,0.000139303,1,0,0,0.989324,0.00252868,0.00814725,1,0,0,1,2.30968e-07,8.71596e-12,0.956522,0.0217391,0.0217391,1,0,0,8,14.83,1.64,2.17,14.0,97,2.80,2.98,0.29,1.98,5.2,1.080,2.85,1045
1,1,1,1,1,1,1,1,0.998943,0.0009896,6.76148e-05,0.866667,0.133333,0,0.989408,0.00734033,0.00325131,1,0,0,0.999992,7.9106e-06,1.41277e-10,0.956522,0.0217391,0.0217391,1,0,0,8,13.71,1.86,2.36,16.6,101,2.61,2.88,0.27,1.69,3.8,1.110,4.00,1035
1,1,1,1,1,1,1,1,0.963305,0.0164503,0.0202444,1,0,0,0.992255,0.00101272,0.00673207,0.4,0.4,0.2,0.999992,7.75023e-06,1.5688e-07,0.8,0.1,0.1,1,0,0,8,14.22,3.99,2.51,13.2,128,3.00,3.04,0.20,2.08,5.1,0.890,3.53,760
1,2,1,1,2,1,2,2,0.398039,0.543932,0.0580285,0.7,0.3,0,0.676375,0.276632,0.0469934,0,0.6,0.4,0.88926,0.110688,5.24036e-05,0.0333333,0.933333,0.0333333,0,0.982143,0.0178571,8,13.24,3.98,2.29,17.5,103,2.64,2.63,0.32,1.66,4.36,0.820,3.00,680
1,1,1,1,1,1,1,1,0.998435,5.57597e-05,0.00150894,1,0,0,0.967342,0.0126396,0.0200189,1,0,0,0.999999,5.56429e-07,5.05962e-10,0.956522,0.0217391,0.0217391,1,0,0,8,13.74,1.67,2.25,16.4,118,2.60,2.90,0.21,1.62,5.85,0.920,3.20,1060
2,1,2,2,1,1,1,1,0.967698,0.0190791,0.013223,0.4,0.6,0,0.38081,0.61643,0.00275998,0.8,0.2,0,0.984993,0.0150056,1.09837e-06,0.956522,0.0217391,0.0217391,1,0,0,8,12.99,1.67,2.60,30.0,139,3.30,2.89,0.21,1.96,3.35,1.310,3.50,985
2,2,2,2,2,2,2,2,4.4998e-06,0.998923,0.00107223,0,0.92,0.08,5.62636e-06,0.998105,0.00188913,0,1,0,1.63684e-07,0.99989,0.00011011,0.0333333,0.933333,0.0333333,0,1,0,8,11.66,1.88,1.92,16.0,97,1.61,1.57,0.34,1.15,3.8,1.230,2.14,428
2,2,2,2,3,2,2,2,9.23262e-05,0.999411,0.000496622,0,1,0,4.98722e-06,0.998791,0.00120408,0,0.4,0.6,7.25086e-09,0.999997,3.4868e-06,0.0344828,0.931034,0.0344828,0,0.982143,0.0178571,8,11.65,1.67,2.62,26.0,88,1.92,1.61,0.40,1.34,2.6,1.360,3.21,562
2,2,2,2,2,2,2,2,8.33156e-07,0.999975,2.44304e-05,0.02,0.98,0,0.00388891,0.995524,0.000587543,0,1,0,0.00905716,0.990942,6.62382e-07,0.0333333,0.933333,0.0333333,0,0.982143,0.0178571,8,11.62,1.99,2.28,18.0,98,3.02,2.26,0.17,1.35,3.25,1.160,2.96,345
2,2,2,2,3,2,1,2,0.0165299,0.983287,0.000183353,0.166667,0.816667,0.0166667,0.0950921,0.903951,0.000957022,0,0.2,0.8,0.000324962,0.999672,2.9994e-06,0.5,0.25,0.25,0,0.982143,0.0178571,8,12.37,1.07,2.10,18.5,88,3.52,3.75,0.24,1.95,4.5,1.040,2.77,660
2,2,2,2,2,2,3,3,1.42307e-05,0.996914,0.00307208,0,0.65,0.35,0.00980482,0.74955,0.240645,0,1,0,3.0951e-09,0.896488,0.103512,0.0555556,0.0555556,0.888889,0,0.0277778,0.972222,8,12.77,3.43,1.98,16.0,80,1.63,1.25,0.43,0.83,3.4,0.700,2.12,372
2,2,2,2,2,2,2,2,0.00015641,0.999585,0.000258182,0,1,0,0.0512008,0.942863,0.0059362,0,1,0,1.7304e-05,0.999955,2.80141e-05,0.0344828,0.931034,0.0344828,0,0.982143,0.0178571,8,13.05,5.80,2.13,21.5,86,2.62,2.65,0.30,2.01,2.6,0.730,3.10,380
3,3,3,2,2,3,3,2,0.00718501,0.116099,0.876716,0,0.22,0.78,0.0488604,0.480498,0.470641,0,0.6,0.4,1.93954e-08,0.00158346,0.998417,0.0555556,0.0555556,0.888889,0,0.5,0.5,8,13.62,4.95,2.35,20.0,92,2.00,0.80,0.47,1.02,4.4,0.910,2.05,550
3,3,3,3,3,3,3,3,5.91735e-05,3.59649e-06,0.999937,0,0.0833333,0.916667,0.00518392,0.00740561,0.98741,0,0.2,0.8,1.5735e-11,9.25817e-07,0.999999,0.0344828,0.0344828,0.931034,0,0.0277778,0.972222,8,13.08,3.90,2.36,21.5,113,1.41,1.39,0.34,1.14,9.4,0.570,1.33,550
3,3,3,3,2,3,3,3,0.00342609,0.00905179,0.987522,0,0,1,0.0151908,0.0652623,0.919547,0,0.6,0.4,2.7735e-10,3.62519e-06,0.999996,0.0555556,0.0555556,0.888889,0,0.0277778,0.972222,8,12.96,3.45,2.35,18.5,106,1.39,0.70,0.40,0.94,5.28,0.680,1.75,675
3,3,3,3,3,3,3,3,0.00029168,2.46139e-06,0.999706,0,0,1,0.00521712,0.00591109,0.988872,0,0.4,0.6,1.89923e-11,4.71112e-08,1,0.0344828,0.0344828,0.931034,0,0.0277778,0.972222,8,13.78,2.76,2.30,22.0,90,1.35,0.68,0.41,1.03,9.58,0.700,1.68,615
3,3,3,3,3,3,3,3,0.00420561,2.85921e-05,0.995766,0,0,1,0.0159487,0.0195981,0.964453,0.2,0.2,0.6,1.33431e-08,6.18698e-07,0.999999,0.0344828,0.0344828,0.931034,0,0.0277778,0.972222,8,13.40,3.91,2.48,23.0,102,1.80,0.75,0.43,1.41,7.3,0.700,1.56,750
1,1,1,1,1,1,1,1,0.999995,1.34487e-08,5.27446e-06,1,0,0,0.99664,0.000151171,0.00320891,1,0,0,1,8.12511e-08,5.02208e-11,0.954545,0.0227273,0.0227273,1,0,0,9,14.20,1.76,2.45,15.2,112,3.27,3.39,0.34,1.97,6.75,1.050,2.85,1450
1,1,1,1,1,1,1,1,0.999998,3.76384e-08,2.15469e-06,1,0,0,0.998355,0.000548254,0.00109685,1,0,0,0.999994,5.53277e-06,1.88435e-09,0.954545,0.0227273,0.0227273,1,0,0,9,14.10,2.16,2.30,18.0,105,2.95,3.32,0.22,2.38,5.75,1.250,3.17,1510
1,1,1,1,1,1,1,1,0.955831,0.0318143,0.0123549,0.76,0.24,0,0.889681,0.0925832,0.0177353,0.4,0.2,0.4,0.852916,0.147076,7.94804e-06,0.818182,0.0909091,0.0909091,1,0,0,9,12.93,3.80,2.65,18.6,102,2.41,2.41,0.25,1.98,4.5,1.030,3.52,770
1,1,1,1,1,1,1,1,0.983687,0.0136898,0.00262364,1,0,0,0.849447,0.14352,0.00703339,0.6,0.2,0.2,0.999598,0.000402134,2.69525e-07,0.818182,0.0909091,0.0909091,1,0,0,9,13.48,1.81,2.41,20.5,100,2.70,2.98,0.26,1.86,5.1,1.040,3.47,920
1,1,1,1,1,1,1,1,0.999513,0.000277782,0.00020927,0.9,0.1,0,0.983673,0.0140104,0.00231624,0.8,0.2,0,0.999948,5.18444e-05,2.90623e-09,0.818182,0.0909091,0.0909091,1,0,0,9,13.90,1.68,2.12,16.0,101,3.10,3.39,0.21,2.14,6.1,0.910,3.33,985
1,1,1,1,1,1,1,1,0.999947,2.52202e-06,5.03575e-05,1,0,0,0.991955,0.00180188,0.00624333,1,0,0,0.999998,1.91458e-06,1.15303e-10,0.954545,0.0227273,0.0227273,1,0,0,9,13.29,1.97,2.68,16.8,102,3.00,3.23,0.31,1.66,6,1.070,2.84,1270
2,2,2,2,2,2,2,2,0.000117144,0.999206,0.000677102,0,0.766667,0.233333,0.00341756,0.968541,0.0280409,0,0.6,0.4,2.62219e-08,0.995047,0.00495255,0.2,0.6,0.2,0,1,0,9,12.37,0.94,1.36,10.6,88,1.98,0.57,0.28,0.42,1.95,1.050,1.82,520
2,2,2,2,2,2,2,2,1.65371e-05,0.999339,0.000644137,0,0.966667,0.0333333,0.00268001,0.987759,0.0095608,0,1,0,1.35635e-09,0.999982,1.75215e-05,0.047619,0.904762,0.047619,0.02,0.98,0,9,12.17,1.45,2.53,19.0,104,1.89,1.75,0.45,1.03,2.95,1.450,2.23,355
2,2,2,2,2,2,2,2,0.0017057,0.99647,0.001824,0.05,0.816667,0.133333,0.00212494,0.996991,0.000884366,0,0.6,0.4,5.18512e-07,0.999149,0.000850898,0.0769231,0.846154,0.0769231,0.02,0.98,0,9,12.37,1.17,1.92,19.6,78,2.11,2.00,0.27,1.04,4.68,1.120,3.48,510
2,2,2,2,1,2,2,1,0.0233674,0.957464,0.019169,0.133333,0.866667,0,0.0184846,0.969459,0.0120564,0.6,0.2,0.2,0.000271163,0.999726,2.85087e-06,0.047619,0.904762,0.047619,1,0,0,9,12.33,0.99,1.95,14.8,136,1.90,1.85,0.35,2.76,3.4,1.060,2.31,750
2,2,2,3,3,2,1,2,0.000576717,0.919155,0.0802686,0,1,0,0.124263,0.278006,0.597732,0,0.2,0.8,3.76556e-06,0.826235,0.173761,0.666667,0.166667,0.166667,0,1,0,9,11.81,2.12,2.74,21.5,134,1.60,0.99,0.14,1.56,2.5,0.950,2.26,625
2,2,2,2,2,2,2,2,8.497e-07,0.999998,1.26489e-06,0,0.9,0.1,5.83318e-09,0.999967,3.31964e-05,0,0.8,0.2,8.23188e-08,1,1.99127e-09,0.0416667,0.916667,0.0416667,0.02,0.98,0,9,11.03,1.51,2.20,21.5,85,2.46,2.17,0.52,2.01,1.9,1.710,2.87,407
2,2,2,2,2,2,2,2,1.65954e-05,0.999955,2.88174e-05,0,1,0,2.65575e-06,0.999128,0.000869383,0,1,0,1.59342e-09,1,6.99428e-08,0.0416667,0.916667,0.0416667,0.02,0.98,0,9,11.82,1.47,1.99,20.8,86,1.98,1.60,0.30,1.53,1.95,0.950,3.33,495
3,3,3,3,3,3,3,3,0.00239553,0.051594,0.94601,0,0.1,0.9,0.0120585,0.0640032,0.923938,0,0.2,0.8,3.95892e-11,2.81497e-06,0.999997,0.0588235,0.0588235,0.882353,0,0.0222222,0.977778,9,12.88,2.99,2.40,20.0,104,1.30,1.22,0.24,0.83,5.4,0.740,1.42,530
3,3,3,3,2,3,3,3,0.0146324,0.0329084,0.952459,0,0.4,0.6,0.00371394,0.031968,0.964318,0.2,0.4,0.4,1.4944e-11,1.28421e-05,0.999987,0.25,0.25,0.5,0,0.0222222,0.977778,9,12.25,4.72,2.54,21.0,89,1.38,0.47,0.53,0.80,3.85,0.750,1.27,720
3,3,3,3,2,3,3,3,0.00417183,1.8107e-05,0.99581,0,0,1,0.00335827,0.00629289,0.990349,0.2,0.4,0.4,3.11892e-09,5.61807e-07,0.999999,0.0333333,0.0333333,0.933333,0,0.0222222,0.977778,9,13.17,5.19,2.32,22.0,93,1.74,0.63,0.61,1.55,7.9,0.600,1.48,725
3,3,3,3,1,3,3,3,0.00129747,2.25828e-05,0.99868,0,0,1,0.00860099,0.0061609,0.985238,0.4,0.2,0.4,5.65911e-08,1.40463e-06,0.999999,0.0333333,0.0333333,0.933333,0,0.0222222,0.977778,9,13.58,2.58,2.69,24.5,105,1.55,0.84,0.39,1.54,8.66,0.740,1.80,750
1,1,1,1,1,1,1,1,0.999982,4.70135e-07,1.71427e-05,1,0,0,0.995432,0.000323635,0.0042442,1,0,0,0.999999,1.35899e-06,2.25624e-10,0.952381,0.0238095,0.0238095,1,0,0,10,14.39,1.87,2.45,14.6,96,2.50,2.52,0.30,1.98,5.25,1.020,3.58,1290
1,1,1,1,1,1,1,1,0.999999,1.5996e-11,1.35654e-06,1,0,0,0.998764,3.02491e-05,0.0012057,1,0,0,1,3.42151e-07,2.24684e-11,0.952381,0.0238095,0.0238095,1,0,0,10,14.19,1.59,2.48,16.5,108,3.30,3.93,0.32,1.86,8.7,1.230,2.82,1680
1,1,1,1,1,1,1,1,0.989231,0.00972139,0.001048,0.816667,0.15,0.0333333,0.900412,0.0932441,0.00634399,1,0,0,0.997134,0.00286594,4.01098e-08,0.952381,0.0238095,0.0238095,1,0,0,10,12.85,1.60,2.52,17.8,95,2.48,2.37,0.26,1.46,3.93,1.090,3.63,1015
1,1,1,1,1,1,1,1,0.999965,2.52697e-08,3.50117e-05,1,0,0,0.994102,0.00207303,0.00382539,1,0,0,0.999997,2.67227e-06,1.21604e-09,0.952381,0.0238095,0.0238095,1,0,0,10,13.58,1.66,2.36,19.1,106,2.86,3.19,0.22,1.95,6.9,1.090,2.88,1515
1,1,1,1,1,1,1,1,0.999968,2.89445e-06,2.95389e-05,1,0,0,0.996602,0.00139813,0.00200031,1,0,0,0.999998,1.82535e-06,5.78248e-10,0.952381,0.0238095,0.0238095,1,0,0,10,13.83,1.65,2.60,17.2,94,2.45,2.99,0.22,2.29,5.6,1.240,3.37,1265
2,2,2,2,2,2,2,2,0.00700804,0.931368,0.0616235,0,0.9,0.1,0.005913,0.917991,0.0760958,0.2,0.4,0.4,4.62546e-07,0.976671,0.023329,0.0909091,0.818182,0.0909091,0,1,0,10,12.33,1.10,2.28,16.0,101,2.05,1.09,0.63,0.41,3.27,1.250,1.67,680
2,2,2,2,3,2,2,2,0.000520164,0.988378,0.0111018,0.1,0.875,0.025,0.00498483,0.97009,0.0249255,0,0.4,0.6,8.05407e-09,0.998215,0.00178503,0.0909091,0.818182,0.0909091,0,1,0,10,11.84,2.89,2.23,18.0,112,1.72,1.32,0.43,0.95,2.65,0.960,2.52,500
2,2,2,2,2,2,2,2,1.94291e-05,0.999972,8.96962e-06,0.025,0.975,0,0.00734087,0.992275,0.000384351,0,1,0,1.54965e-05,0.999984,5.54704e-09,0.0666667,0.866667,0.0666667,0.0204082,0.979592,0,10,12.29,2.83,2.22,18.0,88,2.45,2.25,0.25,1.99,2.15,1.150,3.30,290
2,2,2,2,3,2,2,2,0.000247518,0.99919,0.000562686,0,1,0,0.00259292,0.990514,0.00689327,0,0.4,0.6,9.76136e-09,0.999986,1.37895e-05,0.0833333,0.833333,0.0833333,0,1,0,10,12.60,1.34,1.90,18.5,88,1.45,1.36,0.29,1.35,2.45,1.040,2.77,562
2,2,2,2,2,2,2,2,0.00601076,0.993392,0.000597122,0,1,0,0.00942216,0.989433,0.00114513,0,0.8,0.2,2.66522e-07,0.999997,3.04288e-06,0.0344828,0.931034,0.0344828,0.0204082,0.979592,0,10,12.51,1.73,1.98,20.5,85,2.20,1.92,0.32,1.48,2.94,1.040,3.57,672
2,2,2,2,2,2,2,2,2.54935e-06,0.999989,8.92149e-06,0,1,0,1.42002e-06,0.999421,0.00057801,0,1,0,1.9704e-08,1,2.18737e-07,0.0833333,0.833333,0.0833333,0.0204082,0.979592,0,10,12.22,1.29,1.94,19.0,92,2.36,2.04,0.39,2.08,2.7,0.860,3.02,312
2,2,2,2,2,2,2,2,8.29985e-06,0.999974,1.78311e-05,0.025,0.975,0,0.00257266,0.994058,0.00336916,0,1,0,7.79509e-07,0.999997,2.16667e-06,0.0344828,0.931034,0.0344828,0.0204082,0.979592,0,10,12.52,2.43,2.17,21.0,88,2.55,2.27,0.26,1.22,2,0.900,2.78,325
2,2,2,2,3,2,2,2,0.00752255,0.985316,0.00716151,0,1,0,0.0194574,0.92536,0.0551827,0,0.4,0.6,3.58841e-10,0.997918,0.00208159,0.0344828,0.931034,0.0344828,0.0204082,0.979592,0,10,12.04,4.30,2.38,22.0,80,2.10,1.75,0.42,1.35,2.6,0.790,2.57,580
3,3,3,3,3,3,3,3,0.00225054,0.125627,0.872122,0.0428571,0.217143,0.74,0.00482688,0.0787121,0.916461,0,0.2,0.8,2.68451e-09,0.000117596,0.999882,0.0526316,0.0526316,0.894737,0,0.0222222,0.977778,10,13.52,3.17,2.72,23.5,97,1.55,0.52,0.50,0.55,4.35,0.890,2.06,520
3,3,3,3,2,3,3,3,3.60491e-05,6.92871e-06,0.999957,0,0.1,0.9,0.00442607,0.00259261,0.992981,0,0.6,0.4,2.40356e-08,0.0006182,0.999382,0.0344828,0.0344828,0.931034,0,0.0222222,0.977778,10,12.79,2.67,2.48,22.0,112,1.48,1.36,0.24,1.26,10.8,0.480,1.47,480
3,3,3,3,2,3,3,3,6.36179e-05,3.80647e-05,0.999898,0,0.133333,0.866667,0.00110149,0.00381929,0.995079,0,0.8,0.2,5.36173e-13,5.05157e-06,0.999995,0.0344828,0.0344828,0.931034,0,0.0222222,0.977778,10,12.77,2.39,2.28,19.5,86,1.39,0.51,0.48,0.64,9.9,0.570,1.63,470
3,3,3,3,3,3,3,3,0.000977124,3.88281e-08,0.999023,0,0,1,0.00492555,0.00220518,0.992869,0.4,0,0.6,8.7351e-09,8.7226e-08,1,0.0344828,0.0344828,0.931034,0,0.0222222,0.977778,10,13.27,4.28,2.26,20.0,120,1.59,0.69,0.43,1.35,10.2,0.590,1.56,835
